{
    "vsr": 0.24,
    "successful": 6,
    "total": 25,
    "failed_ids": [
        "0",
        "1",
        "10",
        "11",
        "12",
        "13",
        "15",
        "16",
        "17",
        "2",
        "21",
        "22",
        "23",
        "24",
        "4",
        "5",
        "6",
        "8",
        "9"
    ],
    "ious": [
        0.0,
        0.0,
        0.0,
        0.08822095857026807,
        0.0,
        0.0,
        0.0,
        0.017511856986501276,
        0.0,
        0.0,
        0.0,
        0.0,
        0.0,
        0.0,
        0.10082823190493338,
        0.0,
        0.0,
        0.0,
        0.009467455621301775,
        0.2580392156862745,
        0.2036758059656523,
        0.0,
        0.0,
        0.0,
        0.0
    ],
    "mean_iou": 0.027109740989397252
}