{
    "vsr": 0.24,
    "successful": 6,
    "total": 25,
    "failed_ids": [
        "0",
        "1",
        "10",
        "12",
        "15",
        "16",
        "17",
        "19",
        "2",
        "20",
        "21",
        "22",
        "23",
        "24",
        "3",
        "4",
        "5",
        "8",
        "9"
    ],
    "ious": [
        0.0,
        0.0,
        0.0,
        0.0,
        0.0,
        0.0,
        0.013126934984520123,
        0.03258375401560349,
        0.0,
        0.0,
        0.0,
        0.011900826446280991,
        0.0,
        0.0,
        0.11338320864505404,
        0.0,
        0.0,
        0.0,
        0.010917030567685589,
        0.0,
        0.0,
        0.0,
        0.0,
        0.0,
        0.0
    ],
    "mean_iou": 0.00727647018636577
}